<?xml version="1.0" encoding="UTF-8"?>
<beans xmlns="http://www.springframework.org/schema/beans"
       xmlns:xsi="http://www.w3.org/2001/XMLSchema-instance"
       xmlns:context="http://www.springframework.org/schema/context"
       xsi:schemaLocation="http://www.springframework.org/schema/beans http://www.springframework.org/schema/beans/spring-beans.xsd http://www.springframework.org/schema/context https://www.springframework.org/schema/context/spring-context.xsd">

    <context:component-scan base-package="com.atguigu"></context:component-scan>
    <bean class="org.thymeleaf.spring5.view.ThymeleafViewResolver">
        <property name="characterEncoding" value="UTF-8"></property>
        <property name="templateEngine">
            <bean class="org.thymeleaf.spring5.SpringTemplateEngine">
                <property name="templateResolver">
                    <bean class="org.thymeleaf.spring5.templateresolver.SpringResourceTemplateResolver">
                        <property name="characterEncoding" value="UTF-8"></property>
                        <property name="prefix" value="/WEB-INF/pages/"></property>
                        <property name="suffix" value=".html"></property>
                    </bean>
                </property>
            </bean>
        </property>
    </bean>
</beans>