<?xml version="1.0" encoding="UTF-8"?>
<beans xmlns="http://www.springframework.org/schema/beans"
       xmlns:xsi="http://www.w3.org/2001/XMLSchema-instance"
       xmlns:context="http://www.springframework.org/schema/context"
       xsi:schemaLocation="http://www.springframework.org/schema/beans 
       http://www.springframework.org/schema/beans/spring-beans.xsd 
       http://www.springframework.org/schema/context 
       https://www.springframework.org/schema/context/spring-context.xsd">

    <context:component-scan base-package="com.atguigu"></context:component-scan>
    <!--配置视图解析器-->
    <bean class="org.thymeleaf.spring5.view.ThymeleafViewResolver" id="viewResolver">
        <!--配置字符集属性-->
        <property name="characterEncoding" value="UTF-8"></property>
        <!--配置模板引擎属性-->
        <property name="templateEngine">
            <!--配置内部Bean-->
            <bean class="org.thymeleaf.spring5.SpringTemplateEngine">
                <!--配置模块解析器属性-->
                <property name="templateResolver">
                    <!--配置内部Bean-->
                    <bean class="org.thymeleaf.spring5.templateresolver.SpringResourceTemplateResolver">
                        <!--配置前缀-->
                        <property name="prefix" value="/WEB-INF/pages/"></property>
                        <!--配置后缀-->
                        <property name="suffix" value=".html"></property>
                        <!--配置字符集-->
                        <property name="characterEncoding" value="UTF-8"></property>
                    </bean>
                </property>
            </bean>
        </property>
    </bean>
</beans>